번호	뜻	한자	훈독	음독
1	노래 가	歌	か	うた
2	집 가	家	か、け	いえ、や
3	더할 가	加	か	くわえる、くわわる
4	거리 가	街	がい、かい	まち
5	값 가	価	か	あたい
6	옳을 가	可	か	
7	거짓 가	仮	か、け	かり
8	아름다울 가	佳	か	
9	가혹할 가	苛	か	いら
10	시렁 가	架	か	かける、かかる
11	시집갈 가	嫁	か	よめ、とつぐ
12	틈/겨를 가	暇	か	ひま
13	심을 가	稼	か	かせぐ
14	뿔 각	角	かく	かど、つの
15	각각 각	各	かく	おの
16	깨달을 각	覚	かく	おぼえる、さます、さめる
17	새길 각	刻	こく	きざむ
18	집 각	閣	かく	
19	물리칠 각	却	きゃく	
20	껍질 각	殻	かく	から
21	다리 각	脚	きゃく、きゃ	あし
22	사이 간	間	かん、けん	あいだ、ま
23	새길 간	刊	かん	
24	줄기 간	幹	かん	みき
25	방패 간	干	かん	ほす、ひる
26	볼 간	看	かん	
27	대쪽 간	簡	かん	
28	간 간	肝	かん	きも
29	개간할 간	墾	こん	
30	간절할 간	懇	こん	ねんごろ
31	꾸짖을 갈	喝	かつ	
32	목마를 갈	渇	かつ	かわく
33	칡 갈	葛	かつ	くず
34	갈색 갈	褐	かつ	
35	느낄 감	感	かん	
36	덜 감	減	げん	へる、へらす
37	달 감	甘	かん	あまい、あまえる、あまやかす、あまんじる
38	헤아릴 감	勘	かん	
39	감색 감	紺	こん	
40	견딜 감	堪	かん、たん	たえる
41	감히 감	敢	かん	あえて
42	볼 감	監	かん	
43	섭섭할 감	憾	かん	
44	거울 감	鑑	かん	かんがみる
45	갑옷 갑	甲	こう、かん	
46	곶 갑	岬		みさき
47	강할 강	強	きょう、ごう	つよい、つよまる、つよめる、しいる
48	편안할 강	康	こう	
49	외울 강	講	こう	
50	내릴 강/항복할 항	降	こう	おりる、おろす、ふる
51	강철 강	鋼	こう	はがね
52	강 강	江	こう	え
53	언덕 강	丘		
54	굳셀 강	剛	ごう	
55	벼리 강	綱	こう	つな
56	열 개	開	かい	ひらく、ひらける、あく、あける
57	고칠 개	改	かい	あらためる、あらたまる
58	낱 개	個	こ	
59	끼일 개	介	かい	
60	다 개	皆	かい	みな
61	분개할 개	慨	がい	
62	덮을 개	蓋	がい	ふた
63	낱 개	箇	か	
64	대개 개	概	がい	
65	손 객	客	きゃく、かく	
66	구덩이 갱	坑	こう	
67	갈 거	去	きょ、こ	さる
68	들 거	挙	きょ	あがる、あげる
69	살 거	居	きょ	いる
70	클 거	巨	きょ	
71	막을 거	拒	きょ	こばむ
72	근거 거	拠	きょ	
73	일할 거	据		すえる、すわる
74	떨어질 거	距	きょ	
75	옷자락 거	裾		すそ
76	세울 건	建	けん、こん	たてる、たつ
77	굳셀 건	健	けん	すこやか
78	물건 건	件	けん	
79	수건 건	巾	きん	
80	마를 건	乾	かん	かわく、かわかす
81	열쇠 건	鍵	けん	かぎ
82	빌 걸	乞		こう
83	뛰어날 걸	傑	けつ	
84	검사할 검	検	けん	
85	검소할 검	倹	けん	
86	칼 검	剣	けん	つるぎ
87	걸 게	掲	けい	かかげる
88	쉴 게	憩	けい	いこう
89	격식 격	格	かく、こう	
90	격할 격	激	げき	はげしい
91	사이뜰 격	隔	かく	へだてる、へだたる
92	칠 격	撃	げき	うつ
93	개 견	犬	けん	いぬ
94	볼 견	見	けん	みる、みえる、みせる
95	비단 견	絹	けん	きぬ
96	어깨 견	肩	けん	かた
97	굳을 견	堅	けん	かたい
98	보낼 견	遣	けん	つかう、つかわす
99	고치 견	繭	けん	まゆ
100	결단할 결	決	けつ	きめる、きまる
101	이지러질 결	欠	けつ	かける、かく、かかす
102	맺을 결	結	けつ	むすぶ、ゆう、ゆわえる
103	깨끗할 결	潔	けつ	いさぎよい
104	겸할 겸	兼	けん	かねる
105	겸손할 겸	謙	けん	
106	낫 겸	鎌		かま
107	서울 경	京	きょう、けい、きん	
108	가벼울 경	軽	けい	かるい、かろやか
109	지름길/ 길 경	径	けい	
110	볕 경	景	けい	
111	거울 경	鏡	きょう	かがみ
112	다툴 경	競	けい、きょう	きそう、せる
113	지날/ 글 경	経	けい、きょう	へる
114	밭 갈 경	耕	こう	たがやす
115	지경 경	境	きょう、けい	さかい
116	공경할 경	敬	けい	うやまう
117	깨우칠 경	警	けい	
118	줄기 경	茎	けい	くき
119	고칠 경/ 다시 갱	更	こう	さら、ふける、ふかす
120	잠깐 경	頃		ころ
121	줄기 경	梗	こう、きょう	
122	굳을 경	硬	こう	かたい
123	기울 경	傾	けい	かたむく、かたむける
124	경사 경	慶	けい	
125	깨달을 경	憬	けい	
126	고래 경	鯨	げい	くじら
127	놀랄 경	驚	きょう	おどろく、おどろかす
128	셀 계	計	けい	はかる、はかろう
129	맬 계	係	けい	かかる、かかり
130	지경 계	界	かい	
131	섬돌 계	階	かい	
132	계절 계	季	き	
133	기계 계	械	かい	
134	이을 계	系	けい	
135	이를 계	届		とどける、とどく
136	경계할 계	戒	かい	いましめる
137	맺을 계	契	けい	ちぎる
138	열 계	啓	けい	
139	시내 계	渓	けい	
140	이을 계	継	けい	つぐ
141	머무를 계	稽	けい	
142	닭 계	鶏	けい	にわとり
143	옛 고	古	こ	ふるい、ふるす
144	생각할 고	考	こう	かんがえる
145	높을 고	高	こう	たかい、たか、たかまる、たかめる
146	쓸 고	苦	く	くるしい、くるしむ、くるしめる、にがい
147	곳집 고	庫	こ、く	
148	고할 고	告	こく	つげる
149	굳을 고	固	こ	かたい、かたまる、かためる
150	연고 고	故	こ	ゆえ
151	꽁무니 고	尻		しり
152	넓적다리 고	股	こ	また
153	외로울 고	孤	こ	
154	칠 고	拷	ごう	
155	마를 고	枯	こ	かれる、からす
156	품 팔 고	雇	こ	やとう
157	북 고	鼓	こ	つづみ
158	원고 고	稿	こう	
159	막을 고	錮	こ	
160	돌아볼 고	顧	こ	かえりみる
161	골짜기 곡	谷	こく	たに
162	굽을 곡	曲	きょく	まがる、まげる
163	곡식 곡	穀	こく	
164	곤할 곤	困	こん	こまる
165	벌레 곤	昆	こん	
166	뼈 골	骨	こつ	ほね
167	빌 공	空	くう	そら、から、あく、あける
168	장인 공	工	こう	
169	공평할 공	公	こう	おおやけ
170	공 공	功	こう	
171	한가지 공	共	きょう	とも
172	이바지할 공	供	きょう、く	とも、そなえる
173	구멍 공	孔	こう	
174	칠 공	攻	こう	せめる
175	두려울 공	恐	きょう	おそれる、おそろしい
176	공손할 공	恭	きょう	うやうやしい
177	바칠 공	貢	こう、く	みつぐ
178	당길 공	控	こう	ひかえる
179	과목 과	科	か	
180	실과 과	果	か	はたす、はてる
181	공부할 과	課	か	
182	지날 과	過	か	すぎる、すごす、あやまつ
183	과자 과	菓	か	
184	자랑할 과	誇	こ	ほこる、ほこらしい
185	적을 과	寡	か	
186	냄비 과	鍋		なべ
187	둘레 곽	郭	かく	
188	집 관	館	かん	
189	벼슬 관	官	かん	
190	대롱 관	管	かん	くだ
191	관계할 관	関	かん	せき、かかわる
192	볼 관	観	かん	
193	익숙할 관	慣	かん	なれる、ならす
194	꿸 관	串		くし
195	두레박 관	缶	かん	
196	갓 관	冠	かん	かんむり
197	꿸 관	貫	かん	つらぬく
198	널 관	棺	かん	ひつぎ
199	항목 관	款	かん	
200	너그러울 관	寛	かん	くつろぐ
201	묶을 괄	括	かつ	くくる
202	넓을 광	広	こう	ひろい、ひろまる、ひろめる、ひろがる、ひろげる
203	빛 광	光	こう	ひかる、ひかり
204	쇳돌 광	鉱	こう	
205	미칠 광	狂	きょう	くるう、くるおしい
206	걸 괘	掛		かける、かかる
207	괴이할 괴	怪	かい	あやしい、あやしむ
208	후릴 괴	拐	かい	
209	덩어리 괴	塊	かい	かたまり
210	무너질 괴	壊	かい	こわす、こわれる
211	학교 교	校	こう	
212	사귈 교	交	こう	まじわる、まじえる、まざる、かう、かわす
213	가르칠 교	教	きょう	おしえる、おそわる
214	다리 교	橋	きょう	はし
215	공교할 교	巧	こう	たくみ
216	들 교	郊	こう	
217	목맬 교	絞	こう	しぼる、しめる、しまる
218	견줄 교	較	かく	
219	바로잡을 교	矯	きょう	ためる
220	아홉 구	九	きゅう、く	ここの、ここのつ
221	입 구	口	こう、く	くち
222	구분할 구	区	く	
223	연구할 구	究	きゅう	きわめる
224	갖출 구	具	ぐ	そなわる
225	공 구	球	きゅう	たま
226	구할 구	求	きゅう	もとめる
227	구원할 구	救	きゅう	すくう
228	오랠 구	久	きゅう、く	ひさしい
229	글귀 구	句	く	
230	예 구	旧	きゅう	
231	얽을 구	構	こう	かまえる、かまう
232	굽을 구	勾	こう	
233	언덕 구	岡	きゅう	おか
234	절구 구	臼	きゅう	うす
235	때릴 구	殴	おう	なぐる
236	구라파 구	欧	おう	
237	잡을 구	拘	こう	
238	두려워할 구	惧	ぐ	
239	몰 구	駆	く	かける、かる
240	도랑 구	溝	こう	みぞ
241	망아지 구	駒		こま
242	살 구	購	こう	
243	나라 국	国	こく	くに
244	판 국	局	きょく	
245	국화 국	菊	きく	
246	임금 군	君	くん	きみ
247	군사 군	軍	ぐん	
248	고을 군	郡	ぐん	
249	무리 군	群	ぐん	むれる、むら
250	굽힐 굴	屈	くつ	
251	팔 굴	掘	くつ	ほる
252	굴 굴	堀		ほり
253	굴 굴	窟	くつ	
254	활 궁	弓	きゅう	ゆみ
255	집 궁	宮	きゅう、ぐう、く	みや
256	다할/ 궁할 궁	窮	きゅう	きわめる、きわまる
257	문서 권	券	けん	
258	책 권	巻	かん	まく、まき
259	권세 권	権	けん、ごん	
260	주먹 권	拳	けん	こぶし
261	우리 권	圏	けん	
262	권할 권	勧	かん	すすめる
263	책상 궤	机	き	つくえ
264	바퀴자국 궤	軌	き	
265	무너질 궤	潰	かい	つぶす、つぶれる
266	돌아갈 귀	帰	き	かえる、かえす
267	귀할 귀	貴	き	たっとい、たっとぶ、とうとい、とうとぶ
268	귀신 귀	鬼	き	おに
269	거북 귀/ 터질 균	亀	き	かめ
270	법 규	規	き	
271	부르짖을 규	叫	きょう	さけぶ
272	규탄할 규	糾	きゅう	
273	고를 균	均	きん	
274	버섯 균	菌	きん	
275	다할 극	極	きょく、ごく	きわめる、きわまる、きわみ
276	심할 극	劇	げき	
277	이길 극	克	こく	
278	틈 극	隙	げき	すき
279	가까울 근	近	きん	ちかい
280	뿌리 근	根	こん	ね
281	부지런할 근	勤	きん	つとめる、つとまる
282	힘줄 근	筋	きん	すじ
283	근 근	斤	きん	
284	겨우 근	僅	きん	わずか
285	삼갈 근	謹	きん	つつしむ
286	쇠 금	金	きん、こん	かね、かな
287	이제 금	今	こん、きん	いま
288	금할 금	禁	きん	
289	거문고 금	琴	きん	こと
290	비단 금	錦	きん	にしき
291	옷깃 금	襟	きん	えり
292	급할 급	急	きゅう	いそぐ
293	등급 급	級	きゅう	
294	줄 급	給	きゅう	
295	미칠 급	及	きゅう	およぶ、および、およぼす
296	미칠 급	扱		あつかう
297	즐길 긍	肯	こう	
298	기운 기	気	き、け	
299	물 끓는 김 기	汽	き	
300	기록할 기	記	き	しるす
301	기약할 기	期	き、ご	
302	일어날 기	起	き	おきる、おこる、おこす
303	벼리 기	紀	き	
304	기 기	旗	き	はた
305	그릇 기	器	き	うつわ
306	베틀 기	機	き	はた
307	재주 기	技	ぎ	わざ
308	부칠 기	寄	き	よる、よせる
309	터 기	基	き	もと、もとい
310	몸 기	己	こ、き	おのれ
311	꾀할 기	企	き	くわだてる、たくらむ
312	살 기	肌		はだ
313	재간 기	伎	ぎ、き	
314	갈림길 기	岐	き	
315	꺼릴 기	忌	き	いむ、いまわしい
316	기특할 기	奇	き	
317	빌 기	祈	き	いのる
318	이미 기	既	き	すでに
319	주릴 기	飢	き	うえる
320	갑 기	埼		さい
321	험할 기	崎		さき
322	몇 기	幾	き	いく
323	바둑 기	棋	き	
324	속일 기	欺	ぎ	あざむく
325	바둑 기	碁	ご	
326	버릴 기	棄	き	
327	경기 기	畿	き	
328	말탈 기	騎	き	
329	긴할 긴	緊	きん	
330	길할 길	吉	きち、きつ	
331	먹을 끽	喫	きつ	
332	어찌 나	那	な	
333	어찌 나	奈	な	
334	허락할 낙	諾	だく	
335	어려울 난	難	なん	かたい、むずかしい
336	따뜻할 난	暖	だん	あたたか、あたたかい、あたたまる、あたためる
337	사내 남	男	だん、なん	おとこ
338	남녘 남	南	なん	みなみ
339	들일 납	納	のう、なつ	おさまる、おさめる
340	여자 낭	娘		むすめ
341	안 내	内	ない、だい	うち
342	향내 내	匂		みおう
343	견딜 내	耐	たい	たえる
344	여자 녀	女	じょ、にょ、にょう	おんな
345	해 년	年	ねん	とし
346	생각 념	念	ねん	
347	편안할 녕	寧	ねい	
348	힘쓸 노	努	ど	つとめる
349	종 노	奴	ど	やつ、やっこ
350	성낼 노	怒	ど	いかる、おこる
351	농사 농	農	のう	
352	짙을 농	濃	のう	こい
353	골 뇌	脳	のう	
354	번뇌할 뇌	悩	のう	なやむ、なやます、なやましい
355	오줌 뇨	尿	にょう	
356	능할 능	能	のう	
357	여승 니	尼	に	あま
358	진흙 니	泥	でい	どろ
359	숨길 닉	匿	とく	
360	많을 다	多	た	おおい
361	짧을 단	短	たん	みじかい
362	홑 단	単	たん	
363	둥글 단	団	だん、とん	
364	끊을 단	断	だん	たつ、ことわる
365	층계 단	段	だん	
366	붉을 단	丹	たん	
367	아침 단	旦	たん、だん	
368	다만 단	但		ただし
369	끝 단	端	たん	はし、は、はた
370	단 단	壇	だん、たん	
371	쇠 불릴 단	鍛	たん	きたえる
372	통달할 달	達	たつ	
373	말씀 담	談	だん	
374	멜 담	担	たん	かつぐ、になう
375	쓸개 담	胆	たん	
376	맑을 담	淡	たん	あわい
377	흐릴 담	曇	どん	くもる
378	대답할 답	答	とう	こたえる
379	밟을 답	踏	とう	ふむ、ふまえる
380	마땅할 당	当	とう	あたる、あてる
381	집 당	堂	どう	
382	무리 당	党	とう	
383	엿 당	糖	とう	
384	당나라/ 당황할 당	唐	とう	から
385	큰 대	大	だい、たい	おお、おおいに、おおきい
386	대 대/ 태풍 태	台	だい、たい	
387	대신할 대	代	だい、たい	かわる、かえる、よ、しろ
388	대할 대	対	たい、つい	
389	기다릴 대	待	たい	まつ
390	띠 대	帯	たい	おびる、おび
391	무리 대	隊	たい	
392	빌릴 대	貸	たい	かす
393	자루 대	袋	たい	ふくろ
394	일 대	戴	たい	いただく
395	큰 덕	徳	とく	
396	칼 도	刀	とう	かたな
397	그림 도	図	ず、と	はかる
398	길 도	道	どう、とう	みち
399	법도 도	度	ど、と、たく	たび
400	섬 도	島	とう	しま
401	도읍 도	都	と、つ	みやこ
402	무리 도	徒	とどう	
403	인도할 도	導	とう	みちびく
404	이를 도	到	ちょう	いたる
405	돋울 도	挑	とう	いどむ
406	도망할 도	逃	とう	にげる、にがす、のがす、のがれる
407	넘어질 도	倒	とう	たおれる、たおす
408	길 도	途	と	
409	복숭아 도	桃	とう	もも
410	슬퍼할 도	悼	とう	いたむ
411	도둑 도	盗	とう	ぬすむ
412	질그릇 도	陶	とう	
413	건널 도	渡	と	わたる、わたす
414	뛸 도	跳	ちょう	はねる、とぶ
415	칠할 도	塗	と	ぬる
416	벼 도	稲	とう	いね、いな
417	내기 도	賭	と	かける
418	읽을 독	読	どく、とく、とう	よむ
419	독 독	毒	どく	
420	홀로 독	独	どく	ひとり
421	감독할 독	督	とく	
422	도타울 독	篤	とく	
423	돼지 돈	豚	とん	ぶた
424	조아릴 돈	頓	とん	
425	갑자기 돌	突	とつ	つく
426	겨울 동	冬	とう	ふゆ
427	한가지 동	同	どう	おなじ
428	동녘 동	東	とう	ひがし
429	움직일 동	動	どう	うごく、うごかす
430	아이 동	童	どう	わらべ
431	일할 동	働	どう	はたらく
432	구리 동	銅	どう	
433	골 동/밝을 통	洞	どう	ほら
434	얼 동	凍	とう	こおる、こごえる
435	몸통 동	胴	どう	
436	마룻대 동	棟	とう	むね、むな
437	동경할 동	憧	どう、しょう	あこがれる
438	눈동자 동	瞳	どう	ひとみ
439	머리 두	頭	とう、ず、と	あたま、かしら
440	콩 두	豆	とう、ず	まめ
441	말 두	斗	ととう	
442	역질 두	痘	とん	
443	진칠 둔	屯	どん	
444	둔할 둔	鈍	とく	にぶい、にぶる
445	얻을 득	得	とう、と	える、うる
446	오를 등	登	とう	のぼる
447	무리 등	等	とうとう	ひとしい
448	등불 등	灯	とう	ひ
449	베낄 등	謄	とう	
450	등나무 등	藤	とう	ふじ
451	오를 등	騰	とう	
452	벗을 라	裸	ら	はだか
453	벌일 라	羅	ら	
454	즐길 락/노래 악	楽	らく、がく	たのしい、たのしむ
455	떨어질 락	落	らく	おちる、おとす
456	이을/얽을 락	絡	らく	からむ、からまる、からめる
457	쇠젖 락	酪	らく	
458	알 란	卵	らん	たまご
459	어지러울 란	乱	らん	みだれる、みだす
460	난간 란	欄	らん	
461	매울 랄	辣	らつ	
462	볼 람	覧	らん	
463	남기 람	嵐	らん	あらし
464	넘칠 람	濫	らん	
465	쪽 람	藍	らん	あい
466	끌 랍	拉	ら	
467	밝을 랑	朗	ろう	ほがらか
468	사내 랑	郎	ろう	
469	물결 랑	浪	ろう	
470	행랑 랑	廊	ろう	
471	올 래	来	らい	くる、きたる、きたす
472	찰 랭	冷	れい	つめたい、ひえる、ひや、ひやす、ひやかす、ひめる、さます
473	간략할 략	略	りゃく	
474	두 량	両	りょう	
475	어질 량	良	りょう	よい
476	헤아릴 량	量	りょう	はかる
477	서늘할 량	涼	りょう	すずしい、すずむ
478	양식 량	糧	りょう、ろう	かて
479	나그네 려	旅	りょ	たび
480	어그러질 려	戻	れい	もどす、もどる
481	음률 려	呂	ろ	
482	힘쓸 려	励	れい	はげむ、はげます
483	짝 려	侶	りょ	
484	생각할 려	慮	りょ	
485	고울 려	麗	れい	うるわしい
486	힘 력	力	りょく、りき	ちから
487	지낼 력	歴	れき	
488	책력 력	暦	れき	こよみ
489	익힐 련	練	れん	ねる
490	잇닿을 련	連	れん	つらなる、つらねる、つれる
491	그리워할 련	恋	れん	こう、こい、こいしい
492	불릴/단련할 련	錬	れん	ねる
493	벌일 렬	列	れつ	
494	못할 렬	劣	れつ	おとる
495	매울 렬	烈	れつ	
496	찢을 렬	裂	れつ	さく、さける
497	청렴할 렴	廉	れん	
498	사냥 렵	猟	りょう	
499	하여금 령	令	れい	
500	거느릴 령	領	りょう	
501	방울 령	鈴	れい、りん	すず
502	떨어질 령/영 령	零	れい	
503	신령 령	霊	れい、りょう	たま
504	나이 령	齢	れい	
505	예도 례	礼	れい、らい	
506	법식 례	例	れい	たどえる
507	종 례	隷	れい	
508	길 로	路	ろ	じ
509	늙을 로	老	ろう	おいる、ふける
510	일할 로	労	ろう	
511	화로 로	炉	ろ	
512	사로잡을 로	虜	りょ	とりこ
513	이슬 로	露	ろ、ろう	つゆ
514	푸를 록	緑	りょく、ろく	みどり
515	기록할 록	録	ろく	
516	사슴 록	鹿	ろく	しか、か
517	산기슭 록	麓	ろく	ふもと
518	논할 론	論	ろん	
519	희롱할 롱	弄	ろう	もてあそぶ
520	비 올 롱	滝		たき
521	대바구니 롱	籠	ろう	かご、こもる
522	우레 뢰	雷	らい	かみなり
523	뇌물 뢰	賂	ろ	まいない
524	의뢰할 뢰	頼	らい	たのむ、たのもしい、たよる
525	여울 뢰	瀬		せ
526	헤아릴 료	料	りょう	
527	마칠 료	了	りょう	
528	동료 료	僚	りょう	
529	동관 료	寮	りょう	
530	병 고칠 료	療	りょう	
531	밝을 료	瞭	りょう	
532	용 룡	竜	りゅう	たつ
533	눈물 루	涙	るい	なみだ
534	여러/자주 루	累	るい	
535	보루 루	塁	るい	
536	다락 루	楼	ろう	
537	샐 루	漏	ろう	もる、もれる、もらす
538	흐를 류	流	りゅう、る	ながれる、ながす
539	무리 류	類	るい	
540	머무를 류	留	りゅう、る	とめる、とまる、とどまる
541	버들 류	柳	りゅう	やなぎ
542	유황 류	硫	りゅう	
543	맑은 유리 류	瑠	る	
544	뭍 륙	陸	りき	
545	바퀴 륜	輪	りん	わ
546	인륜 륜	倫	りん	
547	비율 률/거느릴 솔	率	りつ、そつ	ひきいる
548	법칙 률	律	りつ、りち	
549	떨릴 률	慄	りつ	
550	높을 륭	隆	りゅう	
551	언덕 릉	陵	りょう	みささぎ
552	다스릴 리	理	り	
553	마을 리	里	り	さと
554	이로울 리	利	り	きく
555	속 리	裏	り	うら
556	관리 리	吏	り	
557	이 리	厘	りん	
558	배나무 리	梨	り	なし
559	설사 리	痢	り	
560	밟을 리	履	り	はく
561	유리 리	璃	り	
562	떠날 리	離	り	はなれる、はなす
563	이웃 린	隣	りん	となり、となる
564	수풀 림	林	りん	はやし
565	임할 림	臨	りん	のぞむ
566	설 립	立	りつ、りゅう	たつ、たてる
567	낟알 립	粒	りゅう	つぶ
568	말 마	馬	ば	うま、ま
569	삼 마	麻	ま	あさ
570	문지를 마	摩	ま	
571	갈 마	磨	ま	みがく
572	마귀 마	魔	ま	
573	장막 막	幕	まく	
574	넓을/사막 막	漠	ばく	
575	꺼풀/막 막	膜	まく	
576	일만 만	万	まん、ばん	
577	찰 만	満	まん	みちる、みたす
578	늦을 만	晩	ばん	
579	오랑캐 만	蛮	ばん	
580	물굽이 만	湾	わん	
581	흩어질 만	漫	まん	
582	거만할 만	慢	まん	
583	끝 말	末	まつ、ばつ	すえ
584	지울 말	抹	まつ	
585	바랄 망	望	ぼう、もう	のぞむ
586	망할 망	亡	ぼう、もう	ない
587	잊을 망	忘	ぼう	わすれる
588	바쁠 망	忙	ぼう	いそがしい
589	망령될 망	妄	もう	
590	그물 망	網	もう	あみ
591	매양 매	毎	まい	
592	팔 매	売	ばい	うる、うれる
593	누이 매	妹	まい	いもうと
594	살 매	買	ばい	かう
595	매화 매	梅	ばい	うめ
596	낱 매	枚	まい	
597	어두울 매	昧	まい	
598	묻을 매	埋	まい	うめる、うまる、うもれる
599	중매 매	媒	ばい	
600	매혹할 매	魅	み	
601	꾸짖을 매	罵	ば	ののしる
602	보리 맥	麦	ばく	むぎ
603	줄기 맥	脈	みゃく	
604	맹세 맹	盟	めい	
605	소경/ 눈 멀 맹	盲	もう	
606	사나울 맹	猛	もう	
607	낮 면	面	めん	おも、おもて、つら
608	힘쓸 면	勉	べん	
609	솜 면	綿	めん	わた
610	면할 면	免	めん	まぬかれる
611	잘 면	眠	みん	ねむる、ねむい
612	밀가루 면	麺	めん	
613	꺼질/ 멸할 멸	滅	めつ	ほろびる、ほろぼす
614	업신여길 멸	蔑	べつ	さげすむ
615	이름 명	名	めい、みょう	な
616	밝을 명	明	みょう、めい	あかり、あかるい、あかるむ、あからむ、あきらか、あくる、あける、あく、あかす
617	울 명	鳴	めい	なる、なく、ならす
618	그릇 명	皿		さら
619	목숨 명	命	めい、みょう	いのち
620	어두울 명	冥	めい、みょう	
621	새길 명	銘	めい	
622	터럭 모	毛	もう	け
623	어머니 모	母	ぼ	はは
624	본뜰 모	模	も、ぼ	
625	저물 모	暮	ぼ	くれる、くらす
626	창 모	矛	む	ほこ
627	업신여길 모	侮	ぶ	あなどる
628	무릅쓸 모	冒	ぼう	おかす
629	아무 모	某	ぼう	
630	소모할 모	耗	もう、こう	へらす、へる
631	모을/뽑을 모	募	ぼ	つのる
632	모자 모	帽	ぼう	
633	그릴 모	慕	ぼ	したう
634	모양 모	貌	ぼう	かお、かたち
635	꾀 모	謀	ぼう、む	はかる
636	나무 목	木	もく、ぼく	き、こ
637	눈 목	目	もく、ぼく	め、ま
638	칠 목	牧	ぼく	まき
639	화목할 목	睦	ぼく	むつまじい
640	빠질 몰	没	ぼつ	
641	꿈 몽	夢	む	ゆめ
642	무덤 묘	墓	ぼ	はか
643	묘할 묘	妙	みょう	
644	모 묘	苗	びょう、みょう	なえ、なわ
645	이랑 묘	畝		うね、せ
646	그릴 묘	描	びょう	えがく、かく
647	고양이 묘	猫	びょう	ねこ
648	없을 무	無	む、ぶ	ない
649	호반 무	武	ぶ、む	
650	힘쓸 무	務	む	つとめる、つとまる
651	무역할 무	貿	ぼう	
652	무성할 무	茂	も	しげる
653	춤출 무	舞	ぶ	まう、まい
654	안개 무	霧	む	きり
655	먹 묵	墨	ぼく	すみ
656	잠잠할 묵	黙	もく	だまる
657	글월 문	文	ぶん、もん	ふみ
658	문 문	門	もん	かど
659	들을 문	聞	ぶん、もん	きく、きこえる
660	물을 문	問	もん	とう、とん
661	모기 문	蚊		か
662	무늬 문	紋	もん	
663	물건 물	物	ぶつ、もつ	もの
664	쌀 미	米	べい、まい	こめ
665	아름다울 미	美	び	うつくしい
666	맛 미	味	み	あじ、あじわう
667	아닐 미	未	み	
668	미혹할 미	迷	めい	まよう
669	꼬리 미	尾	び	お
670	미륵 미	弥	み	や
671	눈썹 미	眉	び、み	まゆ
672	작을 미	微	び	
673	수수께끼 미	謎		なぞ
674	백성 민	民	みん	たみ
675	민감할 민	敏	びん	
676	빽빽할 밀	密	みつ	
677	꿀 밀	蜜	みつ	
678	넓을 박	博	はく、ばく	
679	성씨 박	朴	ぼく	
680	머무를/ 배 댈 박	泊	はく	とまる、とめる
681	칠 박	拍	はく、ひょう	
682	핍박할 박	迫	はく	せまる
683	벗길 박	剝	はく	はがす、はぐ、はがれる、むく
684	배 박	舶	はく	
685	칠 박	撲	ぼく	
686	엷을 박	薄	はく	うすい、うすまる、うすめる、うすらぐ、うすれる、すすき、せまる
687	얽을 박	縛	ばく	しばる
688	반 반	半	はん	なかば
689	돌이킬 반	反	はん、ほん、たん	そる、そらす
690	돌이킬 반	返	へん	かえす、かえる
691	밥 반	飯	はん	ぬし
692	나눌 반	班	はん	
693	짝 반	伴	はん、ばん	ともなう
694	밭두둑 반	畔	はん	あぜ、ほとり
695	일반 반	般	はん	
696	얼룩 반	斑	はん	まだら、ぶち
697	옮길 반	搬	はん	
698	나눌 반	頒	はん	
699	소반 반	盤	ばん	
700	필 발	発	はつ	
701	뽑을 발	抜	ばつ	ぬかす、ぬく、ぬける、ぬかる
702	우쩍 일어날 발	勃	ぼつ	おこる
703	바리때 발	鉢	はち	
704	터럭 발	髪	はつ	かみ
705	모 방	方	ほう	かた
706	놓을 방	放	ほう	はなつ、はなれる、はなす、ほうる
707	찾을 방	訪	ほう	おとずれる、たずねる
708	막을 방	防	ぼう	ふせぐ
709	방해할 방	妨	ぼう	さまたげる
710	나라 방	邦	ほう	くに
711	꽃다울 방	芳	ほう	かんばしい、よし
712	동네 방	坊	ぼう、ぼっ	
713	방 방	房	ぼう	ふさ
714	살찔 방	肪	ぼう	
715	본뜰 방	倣	ほう	ならう
716	길쌈 방	紡	ぼう	つむぐ
717	곁 방	傍	ぼう	かたわら、そば
718	나눌 배	配	はい	くばる
719	곱 배	倍	ばい	
720	절 배	拝	はい	おがむ
721	등 배	背	はい	せ、せい、そむく、そむける
722	배우 배	俳	はい	
723	잔 배	杯	はい	さかずき
724	배척할 배	排	はい	
725	모실 배	陪	ばい	
726	배양할 배	培	ばい	つちかう
727	무리 배	輩	はい	
728	물어줄 배	賠	ばい	
729	흰 백	白	はく、びゃく	しる、しら、しろい
730	일백 백	百	ひゃく	
731	맏 백	伯	はく	
732	차례 번	番	ばん	
733	번성할 번	繁	はん	
734	번거로울 번	煩	はん、ぼん	わずらう、わずらわす、わずらわしい
735	울타리 번	藩	はん	まがき
736	번역할 번	翻	ほん	ひるがえる、ひるがえす
737	칠 벌	伐	ばつ	うつ、きる
738	벌할 벌	罰	ばつ、ばち	
739	문벌 벌	閥	ばつ	
740	범할 범	犯	はん	おかす
741	무릇 범	凡	はん、ぼん	およそ、すべて
742	넘칠 범	氾	はん	
743	넓을 범	汎	はん	
744	돛 범	帆	はん	ほ
745	법 범	範	はん	のり
746	법 법	法	ほう、ほっ、はっ	
747	벽 벽	壁	へき	かべ
748	버릇 벽	癖	へき	くせ
749	구슬 벽	璧	へき	
750	가 변	辺	へん	あたり、べ
751	변할 변	変	へん	かわる、かえる
752	말씀 변	弁	べん	
753	나눌 별	別	べつ	わかれる
754	병 병	病	びょう、へい	やむ、やまい
755	병사 병	兵	へい	
756	나란히 병	並	へい	なみ、ならべる、ならぶ、ならびに
757	남녘 병	丙	へい	
758	아우를 병	併	へい	あわせる、しかし
759	자루 병	柄	へい	え、がら、つか
760	병 병	瓶	びん	
761	담 병	塀	へい	
762	떡 병	餅	へい	もち
763	걸음 보	歩	ほ、ぶ、ふ	あるく、あゆむ
764	지킬 보	保	ほ	たもつ
765	갚을 보	報	ほう	しらせる、むくいる
766	보배 보	宝	ほう	たから
767	기울 보	補	ほ	おぎなう
768	넓을 보	普	ふ	
769	족보 보	譜	ふ	
770	옷 복	服	ふく	
771	복 복	福	ふく	
772	회복할 복/ 다시 부	復	ふく	
773	겹칠 복	複	ふく	
774	배 복	腹	ふく	はら
775	엎드릴 복	伏	ふく	ふせる、ふす
776	종 복	僕	ぼく	
777	뒤집힐 복/ 덮을 부	覆	ふく	おおう、くつがえす、くつがえる
778	근본 본	本	ほん	もと
779	막대 봉	棒	ぼう	
780	받들 봉	奉	ぶ、ほう	たてまつる
781	봉할 봉	封	ふう、ほう	
782	녹 봉	俸	ほう	
783	봉우리 봉	峰	ほう	みね
784	벌 봉	蜂	ほう	はち
785	꿰맬 봉	縫	ほう	ぬう
786	아비 부	父	ふ	ちち
787	질 부	負	ふ	まける、まかす、おう
788	떼 부	部	ぶ	べ
789	지아비 부	夫	ふ、ふう	おっと
790	줄 부	付	ふ	つく、つける
791	막을 부	府	ふ	
792	버금 부	副	ふく	
793	며느리 부	婦	ふ	
794	부유할 부	富	ふ、ふう	とむ、とみ
795	아닐 부	否	ひ	いな
796	도울 부	扶	ふ	おもむく
797	언덕 부	阜	ふ	
798	붙을 부	附	ふ	つく、つける
799	갈 부	赴	ふ	おもむく
800	부고 부	訃	ふ	
801	뜰 부	浮	ふ	うく、うかれる、うかぶ、うかべる
802	쪼갤 부	剖	ぼう	
803	가마솥 부	釜	ふ	かま
804	부호 부	符	ふ	
805	썩을 부	腐	ふ	くさる、くされる、くさらす
806	펼 부	敷	ふ	しく
807	부세 부	賦	ふ	
808	살갗 부	膚	ふ	はだ
809	문서 부	簿	ぼ	
810	북녘 북/ 달아날 배	北	ほく	きた
811	나눌 분	分	ぶん、ふん、ぶ	わける、わかれる、わかる、わかつ
812	가루 분	粉	ふん	こ、こな
813	떨칠 분	奮	ふん	ふるう
814	달릴 분	奔	ほん、はしる	
815	동이 분	盆	ぼん	
816	어지러울 분	紛	ふん	まぎれる、まぎらす、まぎらわす、まぎらわしい
817	눈날릴 분	雰	ふん	
818	뿜을 분	噴	ふん	ふく
819	분할 분	憤	ふん	いきどおる
820	무덤 분	墳	ふん	
821	아니 불/ 아니 부	不	ふ、ぶ	
822	부처 불	仏	ぶつ	ほとけ
823	떨칠 불	払	ふつ	はらう
824	무너질 붕	崩	ほう	くずれる、くずす
825	사다리 붕	棚	たな	
826	슬플 비	悲	ひ	かなしい、かなしむ
827	코 비	鼻	び	はな
828	날 비	飛	ひ	とぶ、とばす
829	쓸 비	費	ひ	ついやす、ついえる
830	견줄 비	比	ひ	くらべる
831	아닐 비	非	ひ	
832	살찔 비	肥	ひ	こえる、こえ、こやす
833	갖출 비	備	び	そなえる、そなわる
834	비평할 비	批	ひ	
835	숨길 비	秘	ひ	ひめる
836	왕비 비	妃	ひ	
837	끓을 비	沸	ふつ	わく、わかす
838	분비할 비/ 스며흐를 필	泌	ひ、ひつ	
839	낮을 비	卑	ひ	いやしい、いやしむ、いやしめる
840	사립문 비	扉	ひ	とびら
841	비석 비	碑	ひ	いしぶみ
842	가난할 빈	貧	ひん、びん	まずしい
843	물가 빈	浜	ひん	はま
844	손 빈	賓	ひん	
845	자주 빈	頻	ひん	
846	얼음 빙	氷	ひょう	こおり、ひ
847	넉 사	四	し、よ、よつ、よん	
848	실 사	糸	し	いと
849	절 사	寺	じ	てら
850	모일 사	社	しゃ	やしろ
851	생각 사	思	し	おもう
852	베낄 사	写	しゃ	うつす、うつる
853	섬길 사	仕	し	つかえる
854	죽을 사	死	し	しぬ
855	일 사	事	じ、ず	こと
856	하여금 사	使	し	つかう
857	선비 사	士	し	
858	사기 사	史	し	
859	맡을 사	司	し	つかさどる
860	말씀 사	辞	じ	やめる
861	닮을 사	似	じ	にる
862	집 사	舎	しゃ	
863	조사할 사	査	さ	
864	스승 사	師	し	
865	기를 사	飼	し	かう
866	사례할 사	謝	しゃ	あやまる
867	사사로울 사	私	し	わたくし、わたし
868	모래 사	砂	さ、しゃ	すな
869	쏠 사	射	しゃ	いる
870	버릴 사	捨	しゃ	すてる
871	말 사	詞	し	
872	모래 사	沙	さ	すな
873	엿볼 사	伺	し	うかがう
874	간사할 사	邪	じゃ	
875	풀 사	卸		おろす、おろし
876	부추길 사	唆	さ	そそのかす
877	비스듬할 사	斜	しゃ	ななめ
878	뱀 사	蛇	じゃ、だ	へび
879	용서할 사	赦	しゃ	
880	속일 사	詐	さ	
881	이을 사	嗣	し	つぐ
882	줄 사	賜	し	たまわる
883	갂을 삭	削	さく	けずる
884	뫼 산	山	さん	やま
885	셈 산	算	さん	
886	낳을 산	産	さん	うむ、うまれる、うぶ
887	흩을 산	散	さん	ちる、ちらす、ちらかす、ちらかる
888	실 산	酸	さん	すい
889	우산 산	傘	さん	かさ
890	죽일 살/ 덜 쇄	殺	さつ、さい、せつ	ころす
891	석 삼	三	さん	み、みつ
892	수풀 삼	森	しん	もり
893	삼나무 삼	杉		すぎ
894	꽂을 삽	挿	そう	さす
895	떫을 삽	渋	じゅう	しぶ、しぶい、しぶる
896	윗 상	上	じょう	うえ、うわ、かみ、あげる、あがる、のぼる
897	장사 상	商	しょう	あきなう
898	서로 상	相	そう、しょう	あい
899	생각 상	想	そう、そ	おもう
900	상자 상	箱		はこ
901	코끼리 상	象	しょう、ぞう	
902	상줄 상	賞	しょう	ほめる、めでる
903	형상 상/ 문서 장	状	じょう	
904	항상 상	常	じょう	つね、とこ
905	모양 상	像	ぞう	
906	다칠 상	傷	しょう	きず、いたむ、いためる
907	평상 상	床	しょう	とこ、ゆか
908	오히려 상	尚	しょう	
909	상서로울 상	祥	しょう	
910	뽕나무 상	桑	そう	くわ
911	시원할 상	爽	そう	さわやか
912	잃을 상	喪	そう	も
913	자세할 상	詳	しょう	くわしい
914	갚을 상	償	しょう	つぐなう
915	서리 상	霜	そう	しも
916	옥새 새	璽	じ	
917	빛 색	色	しょく、しき	いろ
918	찾을 색/ 동아줄 삭	索	さく	
919	막힐 색/ 변방 새	塞	そく、さい	ふさぐ、ふさがる
920	날 생	生	せい、しょう	いきる、いかす、いける、うまれる、はえる、なま
921	희생 생	牲	せい	
922	서녘 서	西	せい、さい	にし
923	글 서	書	しょ	かく
924	더울 서	暑	しょ	あつい
925	차례 서	序	じょ	
926	마을 서	署	しょ	
927	펼 서	叙	じょ	のべる
928	천천히 할 서	徐	じょ	おもむろ
929	갈 서	逝	せい	ゆく、いく
930	여러 서	庶	しょ	
931	사위 서	婿	せい	むこ
932	실마리 서	緒	しょ、ちょ	お
933	맹세할 서	誓	せい	ちかう
934	저녁 석	夕	せき	ゆう
935	돌 석	石	せき、しゃく、こく	いし
936	예 석	昔	せき、しゃく	むかし
937	자리 석	席	せき	
938	쪼갤 석	析	せき	
939	풀 석	釈	しゃく	
940	아낄 석	惜	せき	おしい、おしむ
941	개펄 석	潟		かた
942	먼저 선	先	せん	さき
943	배 선	船	せん	ふね、ふな
944	줄 선	線	せん	
945	고를 선	選	せん	えらぶ
946	베풀 선	宣	せん	
947	착할 선	善	せん	よい
948	신선 선	仙	せん	
949	부채 선	扇	せん	おうぎ
950	돌 선	旋	せん	
951	부러워할 선	羨	せん	うらやむ、うらやましい
952	샘 선	腺	せん	
953	선 선	禅	ぜん	
954	반찬 선	膳	ぜん	
955	고울 선	鮮	せん	あざやか
956	기울 선	繕	ぜん	つくろう
957	눈 설	雪	せつ	ゆき
958	말씀 설/ 달랠 세	説	せつ、ぜい	とく
959	혀 설	舌	ぜつ	した
960	베풀 설	設	せつ	もうける
961	가늘 섬	繊	せん	
962	건널 섭	渉	しょう	
963	다스릴/ 잡을 섭	摂	せつ	
964	별 성	星	せい、しょう	ほし
965	소리 성	声	せい、しょう	こえ、こわ
966	이룰 성	成	せい、じょう	なす、なる
967	살필 성/ 덜 생	省	せい、しょう	かえりみる、はぶく
968	성품 성	性	せい、しょう	
969	성 성	城	じょう	しろ
970	성할 성	盛	せい、じょう	もる、さかる、さかん
971	정성 성	誠	せい	まこと
972	성인 성	聖	せい	
973	성씨 성	姓	せい、しょう	
974	깰 성	醒	せい	さめる、さます
975	가늘 세	細	さい	ほそい、ほそる、こまか、こまかい
976	인간/ 세상 세	世	せい、せ	よ
977	세금 세	税	ぜい	
978	형세 세	勢	せい	いきおい
979	씻을 세	洗	せん	あらう
980	해 세	歳	さい、せい	
981	작을 소	小	しょう	ちいさい、こ、お
982	적을 소	少	しょう	すくない、すこし
983	바 소	所	しょ	ところ
984	밝을 소	昭	しょう	
985	사라질 소	消	しょう	きえる、けす
986	웃음 소	笑	しょう	わらう、えむ
987	새집 소	巣	そう	す
988	불사를 소	焼	しょう	やく、やける
989	본디/ 흴 소	素	す、そ	
990	부를 소	召	しょう	めす
991	못 소	沼	しょう	ぬま
992	꽃필 소	咲		さく
993	밤 소	宵	しょう	よい
994	이을 소	紹	しょう	
995	쓸 소	掃	そう	はく
996	호소할 소	訴	そ	うったえる
997	성길 소	疎	そ	うとい、うとむ
998	흙 빚을 소	塑	そ	
999	거스를 소	遡	そ	さかのぼる
1000	떠들 소	騒	そ	さわぐ、さわがしい
1001	빠를 속	速	そく	はやい、はやめる、はやまる、すみやか
1002	묶을 속	束	そく	たば、たばねる
1003	이을 속	続	ぞく	つづく、つづける
1004	무리 속	属	ぞく	
1005	풍속 속	俗	ぞく	
1006	손자 손	孫	そん	まご
1007	덜 손	損	そん	そこなう、そこねる
1008	겸손할 손	遜	そん	へりくだる
1009	보낼 송	送	そう	おくる
1010	소나무 송	松	しょう	まつ
1011	송사할 송	訟	しょう	
1012	인쇄할 쇄	刷	さつ	する
1013	부술 쇄	砕	さい	くだく、くだける
1014	쇠사슬 쇄	鎖	さ	くさり
1015	쇠할 쇠	衰	すい	おとろえる
1016	물 수	水	すい	みず
1017	손 수	手	しゅ	て、た
1018	머리 수	首	しゅ	くび
1019	셈 수	数	すう、す	かず、かぞえる
1020	지킬 수	守	しゅ、す	まもる、もり
1021	받을 수	受	じゅ	うける、うかる
1022	닦을 수	修	しゅう、しゅ	おさめる、おさまる
1023	줄 수	授	じゅ	さずける、さずかる
1024	보낼 수	輸	ゆ	
1025	거둘 수	収	しゅう	おさまる、おさめる
1026	드리울 수	垂	すい	たれる、たらす
1027	나무 수	樹	じゅ	
1028	가둘 수	囚	しゅう	
1029	빼어날 수	秀	しゅう	ひいでる
1030	목숨 수	寿	じゅ	ことぶき
1031	사냥할 수	狩	しゅ	かる
1032	장수 수	帥	すい	
1033	찾을 수	捜	そう	さがす
1034	다를 수	殊	しゅ	こと
1035	소매 수	袖	しゅう	そで
1036	순수할 수	粋	すい	いき
1037	부끄러울 수	羞	しゅう	
1038	드디어 수	遂	すい	とげる
1039	모름지기 수	須	す	すべからく
1040	여윌 수	痩	そう	やせる
1041	따를 수	随	ずい	
1042	졸음 수	睡	すい	
1043	갚을 수	酬	しゅう	
1044	근심 수	愁	しゅう	うれえる、うれい
1045	쓰일/ 쓸 수	需	じゅ	
1046	누구 수	誰		だれ
1047	이삭 수	穂	すい	ほ
1048	짐승 수	獣	じゅう	けもの
1049	뼛골 수	髄	ずい	
1050	잘 숙	宿	しゅく	やど、やどる、やどす
1051	익을 숙	熟	じゅく	うれる
1052	아저씨 숙	叔	しゅく	
1053	맑을 숙	淑	しゅく	
1054	엄숙할 숙	粛	しゅく	
1055	글방 숙	塾	じゅく	
1056	순할 순	順	じゅん	
1057	순수할 순	純	じゅん	
1058	열흘 순	旬	じゅん、しゅん	
1059	돌/ 순행할 순	巡	じゅん	めぐる
1060	방패 순	盾	じゅん	たて
1061	입술 순	唇	しん	くちびる
1062	따라죽을 순	殉	じゅん	
1063	돌 순	循	じゅん	
1064	눈 깜짝일 순	瞬	しゅん	またたく
1065	펼 술	述	じゅつ	のべる
1066	재주 술	術	じゅつ	
1067	높을 숭	崇	すう	
1068	무릎 슬	膝	しつ	ひざ
1069	주울 습/ 열 십	拾	しゅう	ひろう
1070	익힐 습	習	しゅう	ならう
1071	젖을 습	湿	しつ	しめる、しめす、しめっぽい
1072	엄습할 습	襲	しゅう	おそう
1073	탈 승	乗	じょう	のる、のせる
1074	이길 승	勝	しょう	かつ、まさる
1075	이을 승	承	しょう	うけたまわる
1076	되 승	升	しょう	ます
1077	오를 승	昇	しょう	のぼる
1078	중 승	僧	そう	
1079	노끈 승	縄	じょう	なわ
1080	저자 시	市	し	いち
1081	화살 시	矢	し	や
1082	때 시	時	じ	とき
1083	비로소 시	始	し	はじめる、はじまる
1084	시 시	詩	し	
1085	시험 시	試	し	ためす、こころみる
1086	보일 시	示	じ、し	しめす
1087	볼 시	視	し	
1088	모실 시	侍	じ	さむらい
1089	감나무 시	柿	し	かき
1090	베풀 시	施	し、せ	ほどこす
1091	옳을 시	是	ぜ	
1092	밥/ 먹을 식	食	しょく、じき	たべる、くう、くらう
1093	법 식	式	しき	
1094	쉴 식	息	そく	いき
1095	심을 식	植	しょく	うえる、うわる
1096	알 식	識	しき	
1097	씻을 식	拭	しょく	ふく、ぬぐう
1098	불릴 식	殖	しょく	ふえる、ふやす
1099	꾸밀 식	飾	しょく	かざる
1100	새 신	新	しん	あたらしい、あらた、にい
1101	거듭 신	申	しん	もうす
1102	몸 신	身	しん	み
1103	귀신 신	神	しん、じん	かみ、かん、こう
1104	신하 신	臣	しん、じん	
1105	믿을 신	信	しん	
1106	빠를 신	迅	じん	
1107	펼 신	伸	しん	のびる、のばす、のべる
1108	매울 신	辛	しん	からい
1109	아이 밸 신	娠	しん	
1110	신사 신	紳	しん	
1111	삼갈 신	慎	しん	つつしむ
1112	콩팥 신	腎	じん	
1113	섶 신	薪	しん	たきぎ
1114	집 실	室	しつ	むろ
1115	열매 실	実	じつ	み、みのる
1116	잃을 실	失	しつ	うしなう
1117	마음 심	心	しん	こころ
1118	깊을 심	深	しん	ふかい、ふかまる、ふかめる
1119	등심초 심	芯	しん	
1120	심할 심	甚	じん	はなはだ、はなはだしい
1121	찾을 심	尋	じん	たずねる
1122	살필 심	審	しん	
1123	열 십	十	じゅう	と、とお
1124	두 쌍/ 쌍	双	そう	ふた
1125	각시/ 성씨 씨	氏	し	うじ
1126	아이 아	児	じ、に	
1127	싹 아	芽	が	め
1128	나 아	我	が	われ、わ
1129	어금니 아	牙	が、け	きば
1130	버금 아	亜	あが	
1131	맑을 아	雅	が	
1132	주릴 아	餓	が	
1133	악할 악/ 미워할 오	悪	あく、お	わるい
1134	큰 산 악	岳	がく	たけ
1135	쥘 악	握	あく	にぎる
1136	턱 악	顎	がく	あご
1137	낯 안	顔	がん	かお
1138	편안 안	安	あん	やすい
1139	언덕 안	岸	がん	きし
1140	책상 안	案	あん	
1141	눈 안	眼	がん、げん	まなこ
1142	뵐 알	謁	えつ	
1143	바위 암	岩	がん	いわ
1144	어두울 암	暗	あん	くらい
1145	나 암	俺		おれ
1146	숨을 암	闇		やみ
1147	누를 압	圧	あつ	
1148	누를 압	押	おう	おう、おさえる
1149	가운데 앙	央	おう	
1150	우러를 앙	仰	ぎょう、こう	おおぐ、おおせ
1151	사랑 애	愛	あい	
1152	슬플 애	哀	あい	あわれ、あわれむ
1153	밀칠 애	挨	あい	
1154	물가 애	涯	がい	
1155	언덕 애	崖	がい	がけ
1156	희미할 애	曖	あい	
1157	진 액	液	えき	
1158	이마 액	額	がく	ひたい
1159	액 액	厄	やく	
1160	앵두 앵	桜	おう	さくら
1161	밤 야	夜	や	よ、よる
1162	들 야	野	や	の
1163	불릴 야	冶	や	
1164	약할 약	弱	じゃく	よわい、よわまる、よわめる、よわる
1165	약 약	薬	やく	くすり
1166	맺을 약	約	やく	
1167	같을 약	若	じゃく、にゃく	わかい、もしくは
1168	뛸 약	躍	やく	おどる
1169	양 양	羊	よう	ひつじ
1170	큰 바다 양	洋	よう	
1171	볕 양	陽	よう	
1172	모양 양	様	よう	さま
1173	기를 양	養	よう	やしなう
1174	날릴 양	揚	よう	あげる、あがる
1175	헐 양	瘍	よう	
1176	흙덩이 양	壌	じょう	
1177	아가씨 양	嬢	じょう	
1178	사양할 양	譲	じょう	ゆずる
1179	술빚을 양	醸	じょう	かもす
1180	물고기 어	魚	ぎょ	さかな、うお
1181	말씀 어	語	ご	かたる、かたらう
1182	고기 잡을 어	漁	ぎょ、きょう	
1183	거느릴 어	御	ぎょ、ご	おん
1184	억 억	億	おく	
1185	누를 억	抑	よく	おさえる
1186	생각할 억	憶	おく	
1187	가슴 억	臆	おく	
1188	말씀 언	言	げん、ごん	いう、こと
1189	엄할 엄	厳	げん、ごん	おごそか、きびしい
1190	업 업	業	ぎょう、ごう	わざ
1191	나/ 남을 여	余	よ	あまる、あます
1192	더불/ 줄 여	与	よ	あたえる
1193	같을 여	如	じょ、にょ	
1194	부릴 역	役	やく、えき	
1195	역 역	駅	えき	
1196	바꿀 역/ 쉬울 이	易	えき、い	やさしい
1197	거스를 역	逆	ぎゃく	さか、さからう
1198	지경 역	域	いき	
1199	번역할 역	訳	やく	わけ
1200	전염병 역	疫	えき、やく	
1201	갈 연	研	けん	とぐ
1202	그럴 연	然	ぜん、ねん	
1203	펼 연	演	えん	
1204	탈 연	燃	ねん	もえる、もやす、もす
1205	늘일 연	延	えん	のびる、のべる、のばす
1206	물 따라갈 연	沿	えん	そう
1207	잔치 연	宴	えん	
1208	연할 연	軟	なん	やわらか、やわらかい
1209	연기 연	煙	えん	けむり、けむる、けむい、けむたい
1210	납 연	鉛	えん	なまり
1211	인연 연	縁	えん	ふち
1212	더울 열	熱	ねつ	あつい
1213	기쁠 열	悦	えつ	
1214	볼 열	閲	えつ	
1215	소금 염	塩	えん	しお
1216	물들 염	染	せん	そめる、そまる、しみる、しみ
1217	불꽃 염	炎	えん	ほのお
1218	비틀 염	捻	ねん	いねる
1219	고울 염	艶	えん	つや、つややか、あでやか、たまめかしい
1220	잎 엽	葉	よう	は
1221	헤엄칠 영	泳	えい	およぐ
1222	꽃부리 영	英	えい	
1223	영화 영	栄	えい	さかえる、はえ
1224	길 영	永	えい	ながい
1225	경영할 영	営	えい	いとなむ
1226	비칠 영	映	えい	うつる、うつす、はえる
1227	맞을 영	迎	げい	むかえる
1228	읊을 영	詠	えい	よむ
1229	그림자 영	影	えい	かげ
1230	미리 예	予	よ	あらかじめ
1231	재주 예	芸	げい	
1232	맡길/ 미리 예	預	よ	あずける、あずかる
1233	날카로울 예	鋭	えい	するどい
1234	벨 예	刈		かる
1235	이를 예	詣	けい	もうでる
1236	기릴/ 명예 예	誉	よ	ほまれ
1237	다섯 오	五	ご	いつ、いつつ
1238	낮 오	午	ご	
1239	그르칠 오	誤	ご	あやまる
1240	더러울 오	汚	お	けがす、けがれる、けがらわしい、よごす、よごれる、きたない
1241	성씨 오	呉	ご	
1242	즐길 오	娯	ご	
1243	깨달을 오	悟	ご	さとる
1244	깊을 오	奥	おう	おく
1245	거만할 오	傲	ごう	
1246	구슬 옥	玉	ぎょく	たま
1247	집 옥	屋	おく	や
1248	물 댈 옥	沃	よく	
1249	감옥 옥	獄	ごく	
1250	따뜻할 온	温	おん	あたたかい、あたたまる、あたためる
1251	편안할 온	穏	おん	おだやか
1252	늙은이 옹	翁	おう	おきな
1253	낄 옹	擁	よう	
1254	기와 와	瓦	が	かわら
1255	소용돌이 와	渦	か	うず
1256	완전할 완	完	かん	
1257	완연할 완	宛		あてる
1258	희롱할 완	玩	がん	
1259	팔뚝 완	腕	わん	うで
1260	완고할 완	頑	がん	
1261	느릴 완	緩	かん	ゆるい、ゆるやか、ゆるむ、ゆるめる
1262	임금 왕	王	おう	
1263	갈 왕	往	おう	
1264	왕성할 왕	旺	おう	
1265	바깥 외	外	がい、げ	そと、ほか、はずす、はずれる
1266	두려워할 외	畏	い	おそれる
1267	빛날 요	曜	よう	
1268	요긴할 요	要	よう	いる
1269	오목할 요	凹	おう	ほこ、へこむ、へこます
1270	아리따울 요	妖	よう	あやしい
1271	흔들 요	揺	よう	ゆれる、ゆる、ゆらぐ、ゆるぐ、ゆする、ゆさぶる、ゆすぶる
1272	허리 요	腰	よう	こし
1273	기와 가마 요	窯	よう	かま
1274	노래 요	謡	よう	うたい、うたう
1275	목욕할 욕	浴	よく	あびる、あびせる
1276	하고자 할 욕	欲	よく	ほっする、ほしい
1277	욕될 욕	辱	じょく	はずかしめる
1278	쓸 용	用	よう	もちいる
1279	날랠 용	勇	ゆう	いさむ、いさましい
1280	모양 용	容	よう	
1281	쓸데없을 용	冗	じょう	
1282	떳떳할 용	庸	よう	
1283	물 솟을 용	湧	ゆう	わく
1284	녹을 용	溶	よう	とける、とかす、とく
1285	뛸 용	踊	よう	おどる、おどり
1286	오른쪽 우	右	う、ゆう	みぎ
1287	비 우	雨	う	あめ、あま
1288	소 우	牛	ぎゅう	うし
1289	벗 우	友	ゆう	とも
1290	깃 우	羽	う	は、はね、わ
1291	집 우	宇	う	
1292	우편 우	郵	ゆう	
1293	넉넉할 우	優	ゆう	やさしい、すぐれる
1294	또 우	又		また
1295	토란 우	芋		いも
1296	짝 우	偶	ぐう	
1297	만날 우	遇	ぐう	
1298	모퉁이 우	隅	ぐう	すみ
1299	어리석을 우	愚	ぐ	おろか
1300	염려할 우	虞	ぐ	おそれ
1301	근심 우	憂	ゆう	うれえる、うれい
1302	구름 운	雲	うん	くも
1303	옮길 운	運	うん	はこぶ
1304	운율 운	韻	いん	
1305	막힐 울	鬱	うつ	
1306	수컷 웅	雄	ゆう	おす、お
1307	곰 웅	熊		くま
1308	둥글 원	円	えん	まるい
1309	으뜸 원	元	げん、がん	もと
1310	언덕 원	原	げん	はら
1311	멀 원	遠	えん、おん	とおい
1312	동산 원	園	えん	その
1313	집 원	院	いん	
1314	인원 원	員	いん	
1315	원할 원	願	がん	ねがう
1316	근원 원	源	げん	みなもと
1317	원망할 원	怨	えん、おん	うらむ
1318	담 원	垣		かき
1319	도울 원	援	えん	
1320	미인 원	媛	えん	ひめ
1321	원숭이 원	猿	えん	さる
1322	달 월	月	げつ、がつ	つき
1323	넘을 월	越	えつ	こす、こえる
1324	맡길 위	委	い	ゆだねる
1325	자리 위	位	い	くらい
1326	에워쌀 위	囲	い	かこむ、かこう
1327	밥통 위	胃	い	
1328	지킬 위	衛	えい	
1329	위태할 위	危	き	あぶない、あやうい、あやぶむ
1330	위엄 위	威	い	
1331	할 위	為	い	ため、なす、なる
1332	시들 위	萎	い	なえる、しおれる、しぼむ
1333	거짓 위	偽	ぎ	にせ、いつわる
1334	벼슬 위	尉	い	
1335	클 위	偉	い	えらい
1336	어긋날 위	違	い	ちがう、ちがえる
1337	위로할 위	慰	い	なぐさめる、なぐさむ
1338	위도 위	緯	い	
1339	말미암을 유	由	ゆ、ゆう、ゆい	よし
1340	있을 유	有	ゆう、う	ある
1341	기름 유	油	ゆ	あぶら
1342	놀 유	遊	ゆう、ゆ	あそぶ
1343	어릴 유	幼	よう	おさない
1344	젖 유	乳	にゅう	ちち、ち
1345	남길 유	遺	い、ゆい	
1346	부드러울 유	柔	じゅう、にゅう	やわらか、やわらかい
1347	그윽할 유	幽	ゆう	
1348	오직 유	唯	ゆい、い	ただ
1349	유유자적할 유	悠	ゆう	
1350	즐거울 유	愉	ゆ	
1351	비유할 유	喩	ゆ	
1352	오히려 유	猶	ゆう	
1353	넉넉할 유	裕	ゆう	
1354	꾈 유	誘	ゆう	さそう
1355	벼리 유	維	い	
1356	타이를 유	諭	ゆ	さとす
1357	선비 유	儒	じゅ	
1358	병 나을 유	癒	ゆ	いえる、いやす
1359	여섯 육	六	ろく	む、むつ、むい、むっつ
1360	고기 육	肉	にく	
1361	기를 육	育	いく	そだつ、そだてる、はぐくむ
1362	불을 윤	潤	じゅん	うるおう、うるおす、うるむ
1363	녹을 융	融	ゆう	
1364	은 은	銀	ぎん	
1365	은혜 은	恩	おん	
1366	숨을 은	隠	いん	かくす、かくれる
1367	새 을	乙	おつ	
1368	소리 음	音	おん、いん	おと、ね
1369	마실 음	飲	いん	のむ
1370	읊을 음	吟	ぎん	
1371	그늘 음	陰	いん	かげ、かげる
1372	음란할 음	淫	いん	みだら
1373	울 읍	泣	きゅう	なく
1374	응할 응	応	おう	こたえる
1375	엉길 응	凝	ぎょう	こる、こらす
1376	의원 의	医	い	
1377	뜻 의	意	い	
1378	옷 의	衣	い	ころも
1379	의논할 의	議	ぎ	
1380	옳을 의	義	ぎ	
1381	의심할 의	疑	ぎ	うたがう
1382	의지할 의	依	い、え	
1383	마땅 의	宜	ぎ	
1384	의자 의	椅	い	
1385	거동 의	儀	ぎ	
1386	비길 의	擬	ぎ	
1387	두 이	二	に	ふた、ふたつ
1388	귀 이	耳	じ	みみ
1389	써 이	以	い	
1390	옮길 이	移	い	うつる、うつす
1391	다를 이	異	い	ことなる
1392	두/ 갖은두 이	弐	に	
1393	미끼 이	餌	じ	えさ、え
1394	더할 익	益	えき、やく	
1395	다음날 익	翌	よく	
1396	빠질 익	溺	でき	おぼれる
1397	날개 익	翼	よく	つばさ
1398	사람 인	人	じん、にん	ひと
1399	끌 인	引	いん	ひく、ひける
1400	도장 인	印	いん	しるし
1401	인할 인	因	いん	よる
1402	어질 인	仁	じん、に	
1403	알 인	認	にん	みとめる
1404	칼날 인	刃	じん	は
1405	참을 인	忍	にん	しのぶ、しのばせる
1406	혼인 인	姻	いん	
1407	목구멍 인	咽	いん	むせぶ
1408	한 일	一	いち、いっ	ひと、ひとつ
1409	날 일	日	にち、じつ	ひ、か
1410	한/ 갖은한 일	壱	いち	
1411	편안할 일	逸	いつ	
1412	맡길 임	任	にん	まかせる、まかす
1413	품삯 임	賃	ちん	
1414	아이밸 임	妊	にん	
1415	들 입	入	にゅう	いる、いれる、はいる
1416	남을 잉	剰	じょう	
1417	아들 자	子	し、す	こ
1418	글자 자	字	じ	
1419	스스로 자	自	じ、し	みずから
1420	손윗누이 자	姉	し	あね、ねえ
1421	놈 자	者	しゃ	もの
1422	재물 자	資	し	
1423	모양 자	姿	し	すがた
1424	자석 자	磁	じ	
1425	찌를 자	刺	し	さす、ささる
1426	가시나무 자	茨		いばら
1427	방자할 자	恣	し	ほしいまま
1428	자주빛 자	紫	し	むらさき
1429	불을 자	滋	じ	
1430	삶을 자	煮	しゃ	にる、にえる、にやす
1431	사랑 자	慈	じ	いつくしむ
1432	암컷 자	雌	し	めす、め
1433	물을 자	諮	し	はかる
1434	지을 작	作	さく、さ	つくる
1435	어제 작	昨	さく	
1436	술 부을 작	酌	しゃく	くむ
1437	벼슬 작	爵	しゃく	
1438	남을 잔	残	ざん	のこる、のこす
1439	사다리 잔	桟	さん	
1440	누에 잠	蚕	さん	かいこ
1441	잠길 잠	潜	せん	ひそむ、もぐる
1442	잠깐 잠	暫	ざん	
1443	섞일 잡	雑	ざつ、ぞう	
1444	긴 장	長	ちょう	ながい
1445	마당 장	場	じょう	ば
1446	글 장	章	しょう	
1447	장막 장	帳	ちょう	
1448	창자 장	腸	ちょう	
1449	베풀 장	張	ちょう	はる
1450	장수 장	将	しょう	
1451	꾸밀 장	装	そう、しょう	よそおう
1452	막을 장	障	しょう	さわる
1453	감출 장	蔵	ぞう	くら
1454	오장 장	臓	ぞう	
1455	어른 장	丈	そう	たけ
1456	장인 장	匠	しょう	
1457	장할 장	壮	そう	
1458	씩씩할/ 별장 장	荘	そう	
1459	손바닥 장	掌	しょう	
1460	단장할 장	粧	しょう	
1461	장사지낼 장	葬	そう	ほうむる
1462	장려할 장	奨	しょう	
1463	재주 재	才	さい	
1464	재목 재	材	ざい	
1465	두 재	再	さい、さ	ふたたび
1466	있을 재	在	ざい	ある
1467	재앙 재	災	さい	わざわい
1468	재물 재	財	ざい、さい	
1469	마를 재	裁	さい	たつ、さばく
1470	재상 재	宰	さい	
1471	심을 재	栽	さい	
1472	재계할/ 집 재	斎	さい	
1473	실을 재	載	さい	のせる、のる
1474	다툴 쟁	争	そう	あらそう
1475	낮을 저	低	てい	ひくい、ひくめる、ひくまる
1476	밑 저	底	てい	そこ
1477	쌓을 저	貯	ちょ	
1478	나타날 저	著	ちょ	あらわす、いちじるしい
1479	엿볼 저	狙	そ	ねらう
1480	막을 저	抵	てい	
1481	집 저	邸	てい	
1482	젓가락 저	箸		はし
1483	붉을 적	赤	せき、しゃく	あか、あかい、あからむ、あからめる
1484	피리 적	笛	てき	ふえ
1485	과녁 적	的	てき	まと
1486	쌓을 적	積	せき	つむ、つもる
1487	맞을 적	敵	てき	かなう
1488	대적할 적	適	てき	かたき
1489	길쌈할 적	績	せき	
1490	고요할 적	寂	せき、じゃく	さび、さびしい、さびれる
1491	도둑 적	賊	ぞく	
1492	발자취 적	跡	せき	あと
1493	물방울 적	滴	てき	しずく、したたる
1494	정실 적	嫡	ちゃく	
1495	딸 적	摘	てき	つむ
1496	문서 적	籍	せき	
1497	밭/ 논 전	田	でん	た
1498	앞 전	前	ぜん	まえ
1499	번개 전	電	でん	
1500	온전할 전	全	ぜん	まったく
1501	구를 전	転	てん	ころがる、ころげる、ころがす、ころぶ
1502	전할 전	伝	でん	つたえる、つたわる、つたう
1503	법 전	典	てん	
1504	싸움 전	戦	せん	いくさ、たたかう
1505	돈 전	銭	せん	ぜに
1506	오로지 전	専	せん	もっぱら
1507	펼 전	展	てん	
1508	마개 전	栓	せん	
1509	전각 전	殿	でん、てん	との、どの
1510	메울 전/ 누를 진	塡	てん	
1511	달일 전	煎	せん	いる
1512	설명할 전	詮	せん	
1513	찌지 전	箋	せん	
1514	끊을 절/ 모두 체	切	せつ、さい	きる、きれる
1515	꺾을 절	折	せつ	おる、おれる
1516	마디 절	節	せつ、せち	ふし
1517	끊을 절	絶	ぜつ	たえる、たやす、たつ
1518	훔칠 절	窃	せつ	
1519	가게 점	店	てん	みせ
1520	점 점	点	てん	
1521	점령할/ 점칠 점	占	せん	しめる、うらなう
1522	붙을 점	粘	ねん	ねばる
1523	점점 점	漸	ぜん	
1524	이을 접	接	せつ	つぐ
1525	바를 정	正	しょう、せい	ただしい、ただす、まさ
1526	밭두둑 정	町	ちょう	まち
1527	고무래/ 장정 정	丁	ちょう、てい	
1528	정할 정	定	てい、じょう	さだめる、さだまる、さだか
1529	뜰 정	庭	てい	にわ
1530	가지런할 정	整	せい	ととのう、ととのえる
1531	머무를 정	停	てい	
1532	고요할 정	静	せい、じょう	しずか、しずまる、しずめる
1533	정사 정	政	せい、しょう	まつりごと
1534	뜻 정	情	じょう、せい	なさけ
1535	한도/ 길 정	程	てい	ほど
1536	정할 정	精	せい、しょう	
1537	정수리 정	頂	ちょう	いただく、いたかき
1538	우물 정	井	せい	い
1539	우물 정	丼	とん	どんぶり
1540	드릴 정	呈	てい	
1541	조정 정	廷	てい	
1542	칠 정	征	せい	
1543	정자 정	亭	てい	
1544	곧을 정	貞	てい	
1545	바로잡을 정	訂	てい	
1546	깨끗할 정	浄	じょう	
1547	염탐할 정	偵	てい	
1548	맑을 정	晶	しょう	
1549	배 정	艇	てい	
1550	덩이 정	錠	じょう	
1551	아우 제	弟	てい、だい、で	おとうと
1552	차례 제	第	だい	
1553	제사 제	祭	さい	まつる、まつり
1554	제목 제	題	だい	
1555	절제할 제	制	せい	
1556	끌 제	提	てい	さげる
1557	지을 제	製	せい	
1558	즈음 제	際	さい	きわ
1559	덜 제	除	じょ、じ	のぞく
1560	건널 제	済	さい	すむ、すます
1561	모두 제	諸	しょ	
1562	가지런할 제	斉	せい	
1563	임금 제	帝	てい	
1564	약제 제	剤	ざい	
1565	둑 제	堤	てい	つつみ
1566	이를 조	早	そう、さっ	はやい、はやまる、はやめる
1567	새 조	鳥	ちょう	とり
1568	짤 조	組	そ	くむ、くみ
1569	아침 조	朝	ちょう	あさ
1570	도울 조	助	じょ	たすける、たすかる、すけ
1571	조사할 조	調	ちょう	しらべる、ととのう、ととのえる
1572	조 조	兆	ちょう	きざす
1573	비칠 조	照	しょう	てる、てらす、てれる
1574	가지 조	条	じょう	
1575	할아버지 조	祖	そ	
1576	지을 조	造	ぞう	つくる
1577	밀물/조수 조	潮	ちょう	しお
1578	잡을 조	操	そう	みさお、あやつる
1579	손톱 조	爪		つめ、つま
1580	조상할 조	弔	ちょう	とむらう
1581	막힐 조	阻	そ	はばむ
1582	조세 조	租	そ	
1583	둘 조	措	そ	
1584	무리 조	曹	そう	
1585	조잡할 조	粗	そ	あらい
1586	새길 조	彫	ちょう	ほる
1587	바라볼 조	眺	ちょう	ながめる
1588	낚을/낚시 조	釣	ちょう	つる
1589	조서 조	詔	しょう	みことのり
1590	만날 조	遭	そう	あう
1591	비웃을 조	嘲	ちょう	あざける
1592	구유 조	槽	そう	
1593	마를 조	燥	そう	
1594	고치 켤 조	繰		くる
1595	마름 조	藻	そう	も
1596	발 족	足	そく	あし、たりる、たす
1597	겨레 족	族	ぞく	
1598	있을 존	存	そん、ぞん	
1599	높을 존	尊	そん	たっとい、とうとい、たっとぶ、とうとぶ
1600	마칠 졸	卒	そつ	
1601	옹졸할 졸	拙	せつ	つたない
1602	마칠 종	終	しゅう	おわる、おえる
1603	씨 종	種	しゅ	たね
1604	마루 종	宗	しゅう、そう	
1605	좇을 종	従	じゅう、しょう、じゅ	したがう、したがえる
1606	세로 종	縦	じゅう	たて
1607	종기 종	腫	しゅ	はれる、はらす
1608	자취 종	踪	そう	
1609	쇠북 종	鐘	しょう	かね
1610	왼 좌	左	さ	ひだり
1611	자리 좌	席	ざ	すわる
1612	도울 좌	佐	さ	
1613	꺾을 좌	挫	ざ	
1614	허물 죄	罪	ざい	つみ
1615	달릴 주	走	そう	はしる
1616	낮 주	昼	ちゅう	ひる
1617	돌 주	週	しゅう	
1618	주인 주	主	しゅ、す	ぬし、おも
1619	고을 주	州	しゅう、す	
1620	살 주	住	じゅう	すむ、すまう
1621	부을 주	注	ちゅう	そそぐ
1622	기둥 주	柱	ちゅう	はしら
1623	술 주	酒	しゅ	さけ、さか
1624	두루 주	周	しゅう	まわり
1625	집 주	宙	ちゅう	
1626	연주할 주	奏	そう	かなでる
1627	주식 주	株		かぶ
1628	붉을 주	朱	しゅ	
1629	배 주	船	しゅう	ふね、ふな
1630	팔꿈치 주	肘		ひじ
1631	빌 주	呪	じゅ	
1632	진한 술 주	酎	ちゅう	
1633	구슬 주	珠	しゅ	
1634	머무를 주	駐	ちゅう	
1635	쇠불릴 주	鋳	ちゅう	いる
1636	대 죽	竹	ちく	たけ
1637	준비할 준	準	じゅん	
1638	준걸 준	俊	しゅん	
1639	승인할 준	准	じゅん	
1640	좇을 준	遵	じゅん	
1641	가운데 중	中	ちゅう、じゅう	なか
1642	무거울 중	重	じゅう、ちょう	え、おもい、かさねる、かさなる
1643	버금 중	仲	ちゅう	なか
1644	무리 중	衆	しゅう、しゅ	
1645	곧 즉	即	そく	
1646	즙 즙	汁	じゅう	しる
1647	증거 증	証	しょう	
1648	더할 증	増	ぞう	ます、ふえる、ふやす
1649	찔 증	蒸	じょう	むす、むれる、むらす
1650	증세 증	症	しょう	
1651	일찍 증	曽	そう	
1652	미울 증	憎	ぞう	にくむ、にくい、にくらしい、にくしみ
1653	줄 증	贈	ぞう、そう	おくる
1654	그칠 지	止	し	とまる、とめる
1655	땅 지	地	ち、じ	
1656	못 지	池	ち	いけ
1657	알 지	知	ち	しる
1658	종이 지	紙	し	かみ
1659	가질 지	持	じ	もつ
1660	가리킬 지	指	し	ゆび、さす
1661	지탱할 지	支	し	ささえる
1662	뜻 지	志	し	こころざす、こころざし
1663	가지 지	枝	し	えだ
1664	이를 지	至	し	いたる
1665	기록할 지	誌	し	
1666	뜻 지	旨	し	むね、うまい
1667	잡초 지	芝		しば
1668	팔다리 지	肢	し	
1669	복 지	祉	し	
1670	기름 지	脂	し	あぶら
1671	더딜/늦을 지	遅	ち	おくれる、おくらす、おそい
1672	담글 지	漬		つける、つかる
1673	잡을 지	摯	し	
1674	곧을 직	直	ちょく、じき	ただちに、なおす、なおる
1675	직분 직	職	しょく	
1676	짤 직	織	しょく、しき	おる
1677	참 진	真	しん	ま
1678	나아갈 진	進	しん	すすむ、すすめる
1679	다할 진	尽	じん	つくす、つきる、つかす
1680	나루 진	津	しん	つ
1681	보배 진	珍	ちん	めずらしい
1682	진칠 진	陣	じん	
1683	떨칠 진	振	しん	ふる、ふるう、ふれる
1684	베풀/묵을 진	陳	ちん	
1685	진찰할 진	診	しん	みる
1686	우레 진	震	しん	ふるう、ふるえる
1687	진압할 진	鎮	ちん	しずめる、しずまる
1688	바탕 질	質	しつ、しち	
1689	꾸짖을 질	叱	しつ	しかる
1690	경질할 질	迭	てつ	
1691	병 질	疾	しつ	
1692	차례 질	秩	ちつ	
1693	막힐 질	窒	ちつ	
1694	미워할 질	嫉	しつ	ねたむ、ねたましい
1695	나 짐	朕	ちん	
1696	모을 집	集	しゅう	あつまる、あつめる、つどう
1697	잡을 집	執	しつ、しゅう	とる
1698	부를 징	徴	ちょう	
1699	맑을 징	澄	ちょう	すむ、すます
1700	징계할 징	懲	ちょう	こりる、こらす、こらしめる
1701	수레 차/수레 거	車	しゃ	くるま
1702	차 차/차 다	茶	ちゃ、さ	
1703	버금 차	次	じ、し	つぎ、つぐ
1704	다를 차	差	さ	さす
1705	빌릴 차	借	しゃく	かりる
1706	또 차	且		かつ
1707	가릴 차	遮	しゃ	さえぎる
1708	붙을 착	着	ちゃく、じゅく	きる、きせる、つく、つける
1709	잡을 착	捉	そく	とらえる
1710	짤 착	搾	さく	しぼる
1711	어긋날 착	錯	さく	
1712	도울 찬	賛	さん	
1713	편지 찰	札	さつ	ふだ
1714	살필 찰	察	さつ	
1715	절 찰	刹	さつ、せつ	
1716	핍박할 찰	拶	さつ	
1717	문지를 찰	擦	さつ	する、すれる
1718	참여할 참/석 삼	参	さん	まいる
1719	참혹할 참	惨	さん、ざん	みじめ、むごい
1720	벨 참	斬	ざん	きる
1721	곳집 창	倉	そう	くら
1722	부를 창	唱	しょう	となえる
1723	창 창	窓	そう	まど
1724	비롯할 창	創	そう	
1725	드러날 창	彰	しょう	
1726	나물 채	菜	さい	な
1727	캘 채	採	さい	とる
1728	풍채 채	采	さい	
1729	채색 채	彩	さい	いろどる
1730	빚 채	債	さい	
1731	꾸짖을 책	責	せき	せめる
1732	책 책	冊	さつ、さく	
1733	꾀 책	策	さく	
1734	울타리 책	柵	さく	
1735	아내 처	妻	さい	つま
1736	곳 처	処	しょ	
1737	쓸쓸할 처	凄	せい	すごい、すさまじい
1738	자 척	尺	しゃく	
1739	물리칠 척	斥	せき	しりぞける
1740	넓힐 척/박을 탁	拓	たく	
1741	외짝 척	隻	せき	
1742	등마루 척	脊	せき	
1743	칠 척	捗	ちょく	はかどる
1744	친척 척	戚	せき	
1745	일천 천	千	せん	ち
1746	내 천	川	せん	かわ
1747	하늘 천	天	てん	あめ、あま
1748	얕을 천	浅	せん	あさい
1749	샘 천	泉	せん	いずみ
1750	밟을 천	践	せん	
1751	옮길 천	遷	せん	
1752	천거할 천	薦	せん	すすめる
1753	쇠 철	鉄	てつ	
1754	볼록할 철	凸	とつ	でこ
1755	밝을 철	哲	てつ	
1756	통할 철	徹	てつ	
1757	거둘 철	撤	てつ	
1758	더할 첨	添	てん	そえる、そう
1759	거듭 첩	畳	じょう	たたむ、たたみ
1760	붙일 첩	貼	ちょう、てん	はる
1761	푸를 청	青	せい	あお、あおい
1762	갤 청	晴	せい	はれる、はらす
1763	맑을 청	清	せい、しょう	きよい、きよらか、きよまる、きよめる
1764	관청 청	庁	ちょう	
1765	청할 청	請	せい、しん	こう、うける
1766	들을 청	聴	ちょう	きく
1767	몸 체	体	たい、てい	からだ
1768	갈릴 체	逓	てい	
1769	잡을 체	逮	たい	
1770	바꿀 체	替	たい	かえる、かわｒ
1771	막힐 체	滞	たい	とどこおる
1772	맺을 체	締	てい	しまる、しめる
1773	살필 체	諦	てい、たい	あきらめる
1774	풀 초	草	そう	くさ
1775	분초 초	秒	びょう	
1776	처음 초	初	しょ	はじめ、はじめて、はつ、うい、そめる
1777	부를 초	招	しょう	まねく
1778	뽑을 초	抄	しょう	
1779	닮을/같을 초	肖	しょう	
1780	식초 초	酢	さく	す
1781	탈 초	焦	しょう	こげる、こがす、こがれる、あせる
1782	화약 초	硝	しょう	
1783	뛰어넘을 초	超	ちょう	こえる、こす
1784	암초 초	礁	しょう	
1785	주춧돌 초	礎	そ	いしずえ
1786	재촉할 촉	促	そく	うながす
1787	닿을 촉	触	しょく	ふれる、さわる
1788	부탁할 촉	嘱	しょく	
1789	마을 촌	村	そん	むら
1790	마디 촌	寸	すん	
1791	다 총	総	そう	
1792	무덤 총	塚		つか
1793	총 총	銃	じゅう	
1794	사진 찍을 촬	撮	さつ	とる
1795	가장 최	最	さい	もっとも
1796	재촉할 최	催	さい	もよおす
1797	가을 추	秋	しゅう	あき
1798	쫓을/따를 추	追	つい	おう
1799	밀 추	推	すい	おす
1800	뽑을 추	抽	ちゅう	
1801	지도리 추	枢	すう	
1802	등골 추	椎	つい	しい
1803	떨어질 추	墜	つい	
1804	추할 추	醜	しゅう	みにくい
1805	빌 축	祝	しゅく、しゅう	いわう
1806	쌓을 축	築	ちく	きずく
1807	줄일 축	縮	しゅく	ちぢむ、ちぢまる、ちぢめる、ちぢれる、ちぢらす
1808	쫓을 축	逐	ちく	
1809	짐승 축	畜	ちく	
1810	굴대 축	軸	じく	
1811	모을 축	蓄	ちく	たくわえる
1812	찰 축	蹴	しゅう	ける
1813	봄 춘	春	しゅん	はる
1814	날 출	出	しゅつ、すい	でる、だす
1815	벌레 충	虫	ちゅう	むし
1816	충성 충	忠	ちゅう	
1817	채울 충	充	じゅう	あてる
1818	화할 충	沖	ちゅう	おき
1819	속마음 충	衷	ちゅう	
1820	찌를 충	衝	しょう	
1821	가질 취	取	しゅ	とる
1822	나아갈 취	就	しゅう、じゅ	つく、つける
1823	불 취	吹	すい	ふく
1824	불 땔 취	炊	すい	たく
1825	냄새 취	臭	しゅう	くさい、におう
1826	취할 취	酔	すい	よう
1827	뜻 취	趣	しゅ	おもむき
1828	곁 측	側	そく	がわ
1829	헤아릴 측	測	そく	はかる
1830	층 층	層	そう	
1831	이 치	歯	し	は
1832	다스릴 치	治	じ、ち	おさめる、おさまる、なおる、なおす
1833	둘 치	置	ち	おく
1834	값 치	値	ち	ね、あたい
1835	부끄러울 치	恥	ち	はじ、はじる、はじらう、はずかしい
1836	이를 치	致	ち	いたす
1837	어리석을 치	痴	ち	
1838	어릴 치	稚	ち	
1839	빽빽할 치	緻	ち	
1840	법칙 칙	則	そく	
1841	칙서 칙	勅	ちょく	
1842	친할 친	親	しん	おや、したしい、したしむ
1843	일곱 칠	七	しち	なな、ななつ、なの
1844	옻 칠	漆	しつ	うるし
1845	바늘 침	針	しん	はり
1846	잠길 침	沈	ちん	しずむ、しずめる
1847	배게 침	枕	ちん	まくら
1848	침노할 침	侵	しん	おかす
1849	잠길 침	浸	しん	ひたす、ひたる
1850	잘 침	寝	しん	ねる、ねかす
1851	일컬을 칭	称	しょう	
1852	쾌할 쾌	快	かい	こころよい
1853	칠 타	打	だ	うつ
1854	다를 타	他	た	ほか
1855	온당할 타	妥	だ	
1856	침 타	唾	だ	つば
1857	떨어질 타	堕	だ	
1858	게으를 타	惰	だ	
1859	높을 탁	卓	たく	
1860	부탁할 탁	託	たく	
1861	흐릴 탁	濁	だく	にごる、にごす
1862	씻을 탁	濯	たく	
1863	숯 탄	炭	たん	すみ
1864	낳을 탄	誕	たん	
1865	탄알 탄	弾	だん	ひく、はずむ、たま
1866	탄식할 탄	嘆	たん	なげく、なげかわしい
1867	터질 탄	綻	たん	ほころびる、ほころぶ
1868	벗을 탈	脱	だつ	ぬぐ、ぬげる
1869	빼앗을 탈	奪	だつ	うばう
1870	찾을 탐	探	たん	さぐる、さがす
1871	탐할 탐	貪	どん	むさぼる
1872	탑 탑	塔	とう	
1873	탈 탑	搭	とう	
1874	끓일 탕	湯	とう	ゆ
1875	클 태	太	たい、た	ふとい、ふとる
1876	모습 태	態	たい	
1877	사치할 태	汰	た	
1878	게으를 태	怠	たい	おこたる、なまける
1879	아이 밸 태	胎	たい	
1880	클 태	泰	たい	
1881	짐 실을 태	駄	だ	
1882	집 택	宅	たく	
1883	가릴 택	択	たく	
1884	못 택	沢	たく	さわ
1885	흙 토	土	ど、と	つち
1886	칠 토	討	とう	うつ
1887	토할 토	吐	と	はく
1888	통할 통	通	つう、つ	とおる、とおす、かよう
1889	거느릴 통	統	とう	すべる
1890	아플 통	痛	つう	いたい、いたむ、いためる
1891	통 통	筒	とう	つつ
1892	물러날 퇴	退	たい	しりぞく、しりぞける
1893	언덕/쌓을 퇴	堆	たい	うずたかい
1894	던질 투	投	とう	なげる
1895	샘낼 투	妬	と	ねたむ、ねたましい
1896	사무칠 투	透	とう	すく、すかす、すける
1897	싸울 투	闘	とう	たたかう
1898	특별할 특	特	とく	
1899	물결 파	波	は	なみ
1900	깨뜨릴 파	破	は	やぶる、やぶれる
1901	갈래 파	派	は	
1902	잡을 파	把	は	
1903	할머니 파	婆	ば	
1904	마칠 파	罷	ひ	
1905	언덕 판	坂	はん	さか
1906	널빤지 판	板	はん、ばん	いた
1907	판단할 판	判	はん、ばん	
1908	판목 판	版	はん	
1909	언덕 판	阪	はん	さか
1910	팔 판	販	はん	
1911	여덟 팔	八	はち	や、やつ、やっつ、よう
1912	조개 패	貝		かい
1913	패할 패	敗	はい	やぶれる
1914	염불 소리 패	唄		うた
1915	으뜸 패	覇	は	
1916	부풀 팽	膨	ぼう	ふくらむ、ふくれる
1917	편할 편/오줌 변	便	べん、びん	たより
1918	엮을 편	編	へん	あむ
1919	조각 편	片	へん	かた
1920	치우칠 편	偏	へん	かたよる
1921	두루 편	遍	へん	
1922	평평할 평	平	へい、びょう	たいら、ひら
1923	평할 평	評	ひょう	
1924	들 평	坪		つぼ
1925	허파 폐	肺	はい	
1926	대궐 섬돌 폐	陛	へい	
1927	닫을 폐	閉	へい	しまる、しめる、とじる、とざす
1928	버릴 폐	廃	はい	すたれる、すたる
1929	화폐 폐	幣	へい	
1930	폐단 폐	弊	へい	
1931	덮을 폐	蔽	へい	
1932	쌀 포	包	ほう	つつむ
1933	베 포	布	ぶ	ぬの
1934	두려워할 포	怖	ぶ	こわい
1935	안을 포	抱	ほう	だく、いだく、かかえる
1936	거품 포	泡	ほう	あわ
1937	세포 포	胞	ほう	
1938	잡을 포	捕	ほ	とらえる、とらわれる、とる、つかまえる、つかまる
1939	대포 포	砲	ほう	
1940	개 포	浦	ほ	うら
1941	먹일 포	哺	ほ	
1942	배부를 포	飽	ほう	あきる、あかす
1943	펼/가게 포	舗	ほ	
1944	기릴 포	褒	ほう	ほめる
1945	사나울 폭	暴	ぼう、ばく	あばく、あばれる
1946	폭 폭	幅	ふく	はば
1947	불터질 폭	爆	ばく	
1948	겉 표	表	ひょう	おもて、あらわす、あらわれる
1949	표 표	票	ひょう	
1950	표할 표	標	ひょう	
1951	나누어 줄 표	俵	ひょう	たわら
1952	떠다닐 표	漂	ひょう	ただよう
1953	물건 품	品	ひん	しな
1954	바람 풍	風	ふう、ふ	かぜ、かざ
1955	풍년 풍	豊	ほう	ゆたか
1956	가죽 피	皮	ひ	かわ
1957	저 피	彼	ひ	かれ、かの
1958	헤칠 피	披	ひ	
1959	피곤할 피	疲	ひ	つかれる
1960	입을 피	被	ひ	こうむる
1961	피할 피	避	ひ	さける
1962	붓 필	筆	ひつ	ふで
1963	반드시 필	必	ひつ	かならず
1964	짝 필	匹	ひつ	ひき
1965	모자랄 핍	乏	ぼう	とぼしい
1966	아래 하	下	か、げ	した、しも、もと、さげる、さがる、おりる、おろす、くだる
1967	어찌 하	何	か	なに、なん
1968	여름 하	夏	か、げ	なつ
1969	멜 하	荷	か	に
1970	물 하	河	か	かわ
1971	하례할 하	賀	が	
1972	배울 학	学	がく	まなぶ
1973	모질 학	虐	ぎゃく	しいたげる
1974	학 학	鶴	かく	つる
1975	찰 한	寒	かん	さむい
1976	한나라 한	漢	かん	
1977	제한할 한	限	げん	かぎる
1978	땀 한	汗	かん	あせ
1979	한 한	恨	こん	うらむ、うらめしい
1980	한가할 한	閑	かん	
1981	나라 한	韓	かん	
1982	벨 할	割	かつ	わる、わり、われる、さく
1983	다스릴 할	轄	かつ	
1984	머금을 함	含	がん	ふくむ、ふくめる
1985	빠질 함	陥	かん	おちいる、おとしいれる
1986	큰 배 함	艦	かん	
1987	합할 합	合	ごう、がっ、かっ	あう、あわす、あわせる
1988	항구 항	港	こう	みなと
1989	배 항	航	こう	
1990	겨룰 항	抗	こう	
1991	항상 항	恒	こう	
1992	항목 항	項	こう	
1993	바다 해	海	かい	うみ
1994	해할 해	害	がい	
1995	풀 해	解	かい、げ	とく、とける、とかす
1996	각출/마땅 해	該	がい	
1997	본보기 해	楷	かい	
1998	화할 해	諧	かい	
1999	뼈 해	骸	がい	
2000	꾸짖을 핵	劾	がい	
2001	씨 핵	核	かく	
2002	갈 행	行	こう、ぎょう、あん	いく、ゆく、おこなう
2003	다행 행	幸	こう	さいわい、さち、しあわせ
2004	향할 향	向	こう	むく、むかう、むける、むこう
2005	시골 향	郷	きょう、ごう	
2006	누릴 향	享	きょう	
2007	향기 향	香	こう	か、かおり、かおる
2008	울릴 향	響	きょう	ひびく
2009	허락할 허	許	きょ	ゆるす
2010	빌 허	虚	きょ、こ	むなしい
2011	법 헌	憲	けん	
2012	집 헌	軒	けん	のき
2013	드릴 헌	献	けん、こん	
2014	시험 험	験	けん、げん	
2015	험할 험	険	けん	けわしい
2016	가죽 혁	革	かく	かわ
2017	성낼 혁	嚇	かく	
2018	고을 현	県	けん	
2019	나타날 현	現	げん	あらわれる、あらわす
2020	검을 현	玄	げん	
2021	시위 현	弦	げん	つる
2022	뱃전 현	舷	げん	
2023	어질 현	賢	けん	かしこい
2024	나타날 현	顕	けん	
2025	달 현	懸	けん、け	かける、かかる
2026	피 혈	血	けつ	ち
2027	구멍 혈	穴	けつ	あな
2028	싫어할 혐	嫌	けん、げん	きらう、いや
2029	화합할 협	協	きょう	
2030	골짜기 협	峡	きょう	
2031	낄 협	挟	きょう	はさむ、はさまる
2032	좁을 협	狭	きょう	せまい、せばめる、せばまる
2033	위협할 협	脅	きょう	おびやかす、おどす、おどかす
2034	옆구리 협	脇		わき
2035	뺨 협	頬		ほお
2036	맏 형	兄	きょう、けい	あに、にい
2037	모양 형	形	けい、ぎょう	かた、かたち
2038	모형 형	型	けい	かた
2039	형벌 형	刑	けい	
2040	도리 형	桁	こう	けた
2041	반딧불 형	蛍	けい	ほたる
2042	저울대 형	衡	こう	
2043	은혜 혜	恵	けい、え	めぐむ
2044	집 호	戸	こ	と
2045	이름 호	号	ごう	
2046	호수 호	湖	こ	みずうみ
2047	좋을 호	好	こう	すく、このむ
2048	도울 호	護	ご	
2049	부를 호	呼	こ	よぶ
2050	서로 호	互	ご	たがい
2051	범 호	虎	こ	とら
2052	활 호	弧	こ	
2053	호걸 호	豪	ごう	
2054	미혹할 혹	惑	わく	まどう
2055	심할 혹	酷	こく	
2056	섞을 혼	混	こん	まざる、まぜる、こむ
2057	혼인할 혼	婚	こん	
2058	넋 혼	魂	こん	たましい
2059	붉을 홍	紅	こう、く	べに、くれない
2060	넓을 홍	洪	こう	
2061	무지개 홍	虹	にじ	
2062	불 화	火	か	ひ、ほ
2063	꽃 화	花	か	はな
2064	그림 화/그을 획	画	が、かく	
2065	말씀 화	話	わ	はなす、はなし
2066	될 화	化	か、け	ばける、ばかす
2067	화할 화	和	わ、お	なごむ、なごやか、やわらぐ、やわらげる
2068	재물 화	貨	か	
2069	빛날 화	華	か、け	はなやか、はなばなしい
2070	재앙 화	禍	か	
2071	신발 화	靴	か	くつ
2072	굳을 확	確	かく	たしか、たしかめる
2073	넓힐 확	拡	かく	
2074	거둘 확	穫	かく	
2075	둥글 환	丸	がん	まる、まるい、まるめる
2076	헛보일 환	幻	けん	まぼろし
2077	근심 환	患	かん	わずらう
2078	부를 환	喚	かん	
2079	바꿀 환	換	かん	かえる、かわる
2080	기쁠 환	歓	かん	
2081	돌아올 환	還	かん	
2082	고리 환	環	かん	
2083	살 활	活	かつ	いかす
2084	미끄러울 활	滑	かつ、こつ	すべる、なめらか
2085	누를 황	黄	おう、こう	き、こ
2086	임금 황	皇	こう、おう	
2087	상황 황	況	きょう	
2088	거칠 황	荒	こう	あらい、あれる、あらす
2089	어리둥절할 황	慌	こう	あわてる、あわただしい
2090	모일 회	会	かい、え	あう
2091	돌 회	回	かい、え	まわる、まわす
2092	그림 회	絵	え、かい	
2093	재 회	灰	かい	はい
2094	뉘우칠 회	悔	かい	くいる、くやむ、くやしい
2095	상수리나무 회	栃		とち
2096	뇌물 회	賄	わい	まかなう
2097	품을 회	懐	かい	なつかしい、なつかしむ、なつく、なつける、ふところ
2098	얻을 획	獲	かく	える
2099	가로 횡	横	おう	よこ
2100	효과 효	効	こう	きく
2101	효도 효	孝	こう	
2102	새벽 효	暁	ぎょう	あかつき
2103	삭힐 효	酵	こう	
2104	뒤 후	後	ご、こう	のち、うしろ、あと、おくれる
2105	기후 후	候	こう	そうろう
2106	두터울 후	厚	こう	あつい
2107	임금/왕후 후	后	こう	きさき
2108	썩을 후	朽	きゅう	くちる
2109	제후 후	侯	こう	
2110	목구멍 후	喉	こう	のど
2111	맡을 후	嗅	きゅう	かぐ
2112	가르칠 훈	訓	くん	
2113	공 훈	勲	くん	いさお
2114	향 풀 훈	薫	くん	かおる
2115	헐 훼	毀	き	こわす、こぼれる、こぼつ
2116	휘두를 휘	揮	き	
2117	무리 휘	彙	い	
2118	빛날 휘	輝	き	かがやく
2119	쉴 휴	休	きゅう	やすむ、やすまる、やすめる
2120	이끌 휴	携	けい	たずさえる、たずさわる
2121	가슴 흉	胸	きょう	むね、むな
2122	흉할 흉	凶	きょう	
2123	검을 흑	黒	こく	くろ、くろい
2124	흔적 흔	痕	こん	あと
2125	마실 흡	吸	きゅう	すう
2126	일어날 흥	興	こう、きょう	おこる、おこす
2127	바랄 희	希	き	
2128	기쁠 희	喜	き	よろこぶ
2129	계집 희	姫		ひめ
2130	놀이 희	戯	ぎ	たわむれる
2131	희생할 희	犠	ぎ	
2132	꾸짖을 힐	詰	きつ	つめる、つまる、つむ
2133	(일본한자)담다	込		こむ、こめる
2134	(일본한자)밭	畑		はた、はたけ
2135	(일본한자)테두리	枠		わく
2136	(일본한자)고개	峠		とうげ